$site,Beijing,,,,,,,,,,,,,,,,,,,
,,,,,,,,,,,,,,,,,,,,
$rightToLeft,0,,,,,,,,,,,,,,,,,,,
$vidCaptureMP4,1,,,,,,,,,,,,,,,,,,,
//$firstMovement_3Step,0.008,,,,,,,,,,,,,,,,,,,
$noTranslateEnglishKbd,1,Don't translate when keyboard english (eg set for Chinese version to allow swap to english for support),,,,,,,,,,,,,,,,,,
,,,,,,,,,,,,,,,,,,,,
,,,,,,,,,,,,,,,,,,,,
,,,,,,,,,,,,,,,,,,,,
$translations,,words below in column B will be replaced with words in C if they match exactly (case sensitive); 1024 entries in the table,,,,,,,,,,,,,,,,,,
,About,kPass,,,,,,,,,,,,,,,,,,
,Start,出发,,,,,,,,,,,,,,,,,,
,RelayStart,接力出发,,,,,,,,,,,,,,,,,,
,Turn,转身,,,,,,,,,,,,,,,,,,
,Freestyle,自由泳,,,,,,,,,,,,,,,,,,
,Butterfly,蝶泳,,,,,,,,,,,,,,,,,,
,Backstroke,仰泳,,,,,,,,,,,,,,,,,,
,Breaststroke,蛙泳,,,,,,,,,,,,,,,,,,
,Fly/Bac,蝶泳/仰泳,,,,,,,,,,,,,,,,,,
,Bac/Bre,仰泳/蛙泳,,,,,,,,,,,,,,,,,,
,Bre/Fre,蛙泳/自由泳,,,,,,,,,,,,,,,,,,
,Grab,抓台式,,,,,,,,,,,,,,,,,,
,Track,蹲踞式,,,,,,,,,,,,,,,,,,
,Track+Footplate,蹲踞式+踏板,,,,,,,,,,,,,,,,,,
,Touch,手触壁转身/到边,,,,,,,,,,,,,,,,,,
,Tumble,滚翻转身,,,,,,,,,,,,,,,,,,
,Athlete,运动员,,,,,,,,,,,,,,,,,,
,Surname,姓,,,,,,,,,,,,,,,,,,
,First Name,名,,,,,,,,,,,,,,,,,,
,Birthday,出生日期,,,,,,,,,,,,,,,,,,
,Gender,性别,,,,,,,,,,,,,,,,,,
,Suit,游泳衣,,,,,,,,,,,,,,,,,,
,Tester,测试人员,,,,,,,,,,,,,,,,,,
,Folder,文件夹,,,,,,,,,,,,,,,,,,
,Trial,测试,,,,,,,,,,,,,,,,,,
,Skill,技术,,,,,,,,,,,,,,,,,,
,Stroke,泳姿,,,,,,,,,,,,,,,,,,
,Type,测试类型,,,,,,,,,,,,,,,,,,
,Footplate,踏板,,,,,,,,,,,,,,,,,,
,Relay Step,接力出发台上姿势,,,,,,,,,,,,,,,,,,
,Notes,备注,,,,,,,,,,,,,,,,,,
,Dev Squad,延长拍摄时间,,,,,,,,,,,,,,,,,,
,Dev,延长,,,,,,,,,,,,,,,,,,
,F,女,,,,,,,,,,,,,,,,,,
,M,男,,,,,,,,,,,,,,,,,,
,Female,女,,,,,,,,,,,,,,,,,,
,Male,男,,,,,,,,,,,,,,,,,,
,Play Trial,播放测试,,,,,,,,,,,,,,,,,,
,Save Changes,保存更改,,,,,,,,,,,,,,,,,,
,Clear Changes,清除更改,,,,,,,,,,,,,,,,,,
,Delete Trial,删除测试,,,,,,,,,,,,,,,,,,
,Kistler Performance Analysis System - Swimming,奇石乐运动能力分析系统 - 游泳,,,,,,,,,,,,,,,,,,
,Swimming Start,游泳出发,,,,,,,,,,,,,,,,,,
,Relay Changeover,接力交接,,,,,,,,,,,,,,,,,,
,Swimming Turn,游泳转身,,,,,,,,,,,,,,,,,,
,Tester,测试人员,,,,,,,,,,,,,,,,,,
,EXCLUDES Grab Bar Calcs,把手上的力没有被计算,,,,,,,,,,,,,,,,,,
,Turn 5(in)-10m,距池壁5m-转身后10m,,,,,,,,,,,,,,,,,,
,Time to 15m,到15米时间,,,,,,,,,,,,,,,,,,
,Time hands off,手离台时刻,,,,,,,,,,,,,,,,,,
,Time 1st move,初始移动时刻,,,,,,,,,,,,,,,,,,
,Foot contact -,脚触壁 -,,,,,,,,,,,,,,,,,,
,   Duration,   持续时间,,,,,,,,,,,,,,,,,,
,Foot contact duration,脚触壁时间,,,,,,,,,,,,,,,,,,
,At max power -,功率最大时 -,,,,,,,,,,,,,,,,,,
,   Depth,   深度,,,,,,,,,,,,,,,,,,
,Depth,深度,,,,,,,,,,,,,,,,,,
,   Thrust angle,蹬壁角度,,,,,,,,,,,,,,,,,,
,Max Depth,最大深度,,,,,,,,,,,,,,,,,,
,    Location,    最大深度距离,,,,,,,,,,,,,,,,,,
,Breakout,出水位置,,,,,,,,,,,,,,,,,,
,Alignment TakeOff,蹬离时刻身体倾斜角,,,,,,,,,,,,,,,,,,
,Time on wall,着壁时长,,,,,,,,,,,,,,,,,,
,m,米,,,,,,,,,,,,,,,,,,
,Metres,米,,,,,,,,,,,,,,,,,,
,m/s,米/秒,,,,,,,,,,,,,,,,,,
, m/s, 米/秒,,,,,,,,,,,,,,,,,,
,W/Kg,瓦/公斤,,,,,,,,,,,,,,,,,,
,deg,度,,,,,,,,,,,,,,,,,,
,BW,倍体重,,,,,,,,,,,,,,,,,,
,sec,秒,,,,,,,,,,,,,,,,,,
,Sec,秒,,,,,,,,,,,,,,,,,,
,Seconds,秒,,,,,,,,,,,,,,,,,,
,secs,秒,,,,,,,,,,,,,,,,,,
,s,秒,,,,,,,,,,,,,,,,,,
,kg,公斤,,,,,,,,,,,,,,,,,,
,Weight,体重,,,,,,,,,,,,,,,,,,
,Changeover time,接力交接时间,,,,,,,,,,,,,,,,,,
,Time on block,台上阶段时长,,,,,,,,,,,,,,,,,,
,Touch to Take-Off,到边至蹬离,,,,,,,,,,,,,,,,,,
,Gun to Feet Off,发令至脚蹬离 ,,,,,,,,,,,,,,,,,,
,Gun to Take-Off,发令至离台,,,,,,,,,,,,,,,,,,
,(Gun to Take-Off),(发令至离台),,,,,,,,,,,,,,,,,,
,Time1stkick,第一次打腿时刻,,,,,,,,,,,,,,,,,,
,1st kick,第一次打腿,,,,,,,,,,,,,,,,,,
,On Wall Peak @ % foot contact -,峰触壁阶段 @ ％ 脚触壁 -,峰触壁阶段,,,,,,,,,,,,,,,,,
,On Block Peak @ % block time -,峰值力 @ ％ 台上阶段时间 -,,,,,,,,,,,,,,,,,,
,   Power @,   功率@,,,,,,,,,,,,,,,,,,
,Power,功率,,,,,,,,,,,,,,,,,,
,   H.Force @,   水平力@,,,,,,,,,,,,,,,,,,
,Hor Force,水平力,,,,,,,,,,,,,,,,,,
,   V.Force @,   垂直力@,,,,,,,,,,,,,,,,,,
,Vert Force,垂直力,,,,,,,,,,,,,,,,,,
,   Rear F. @,   后蹬板力@,,,,,,,,,,,,,,,,,,
,   Grab F. @,   推力@,,,,,,,,,,,,,,,,,,
,Take-Off-,离台-,,,,,,,,,,,,,,,,,,
,    H.Vel,    水平速度,,,,,,,,,,,,,,,,,,
,    Angle,    角度,,,,,,,,,,,,,,,,,,
,    Body Lean,    身体倾斜角,,,,,,,,,,,,,,,,,,
,Entry-,入水-,,,,,,,,,,,,,,,,,,
,    Distance,    距离,,,,,,,,,,,,,,,,,,
,    Size Hole,    入水范围    ,,,,,,,,,,,,,,,,,,
,    Velocity,    速度,,,,,,,,,,,,,,,,,,
,    Angle.,    角度.,,,,,,,,,,,,,,,,,,
,Max Depth,最大深度,,,,,,,,,,,,,,,,,,
,    Location,    位置,,,,,,,,,,,,,,,,,,
,S,游泳衣,Race suit,,,,,,,,,,,,,,,,,
,1000 N,1000 牛顿,,,,,,,,,,,,,,,,,,
,Depth of Head (m),头部中心点深度（米）,,,,,,,,,,,,,,,,,,
,Horiz Vel (m / s),水平速度（米/秒）,,,,,,,,,,,,,,,,,,
,Hor Vel,水平速度,,,,,,,,,,,,,,,,,,
,Vert Vel,垂直速度,,,,,,,,,,,,,,,,,,
,Hor Change in Vel,水平速度变化,,,,,,,,,,,,,,,,,,
,Touch H Force,触壁水平力,,,,,,,,,,,,,,,,,,
,Grab V Force,把手垂直力,,,,,,,,,,,,,,,,,,
,Grab H Force,把手水平力,,,,,,,,,,,,,,,,,,
,Wall H Force,池壁水平力,,,,,,,,,,,,,,,,,,
,Wall V Force,池壁垂直力,,,,,,,,,,,,,,,,,,
,Rear Force,后测力台力,,,,,,,,,,,,,,,,,,
,Hor Rear,后测力台水平力,,,,,,,,,,,,,,,,,,
,V Rear- -,后测力台垂直力- -,,,,,,,,,,,,,,,,,,
,Hor Front,前测力台力,,,,,,,,,,,,,,,,,,
,V Front- -,前测力台垂直力,,,,,,,,,,,,,,,,,,
,Vert Force,垂直力,,,,,,,,,,,,,,,,,,
,Hor Force,水平力,,,,,,,,,,,,,,,,,,
,Vel,速度,,,,,,,,,,,,,,,,,,
,Vel(m / s),速度（米/秒）,,,,,,,,,,,,,,,,,,
,Force (Body weight),力 倍体重,,,,,,,,,,,,,,,,,,
,Off->,离->,,,,,,,,,,,,,,,,,,
,Block,出发台,,,,,,,,,,,,,,,,,,
,Touch,到边,,,,,,,,,,,,,,,,,,
,Power (Watt / kg),功率（瓦特/公斤）,,,,,,,,,,,,,,,,,,
,Seconds - Touch at 0,秒 - 触壁时刻为0,,,,,,,,,,,,,,,,,,
,Seconds - Gun at 0,秒 - 发令时刻为0,,,,,,,,,,,,,,,,,,
,Wall,池壁,,,,,,,,,,,,,,,,,,
,Splits,分段距离的时间,,,,,,,,,,,,,,,,,,
,Forces,力,,,,,,,,,,,,,,,,,,
,Power,功率,,,,,,,,,,,,,,,,,,
,Depth + Velocity Chart,深度+速度的图表,,,,,,,,,,,,,,,,,,
,Seconds after Touch,到边后时间,,,,,,,,,,,,,,,,,,
,CoG,重心,,,,,,,,,,,,,,,,,,
,Left block,离台,,,,,,,,,,,,,,,,,,
,before touch,到边之前,,,,,,,,,,,,,,,,,,
,Ch/Over,接力交接时间,,,,,,,,,,,,,,,,,,
,On Wall,触壁阶段,,,,,,,,,,,,,,,,,,
,On Block,台上用时,,,,,,,,,,,,,,,,,,
,Change in vel,速度,,,,,,,,,,,,,,,,,,
,Can't open file,无法打开文件,,,,,,,,,,,,,,,,,,
,Disk path,磁盘路径,,,,,,,,,,,,,,,,,,
,Reset,重置,reset forceplate,,,,,,,,,,,,,,,,,
,(off block),(离出发台),,,,,,,,,,,,,,,,,,
,Weigh,称重,,,,,,,,,,,,,,,,,,
,(on block),(台上阶段),,,,,,,,,,,,,,,,,,
,Measure,测量,,,,,,,,,,,,,,,,,,
,Clear,清除,,,,,,,,,,,,,,,,,,
,Front Forceplate,前测力台,,,,,,,,,,,,,,,,,,
,Rear Forceplate,后测力台,,,,,,,,,,,,,,,,,,
,Turn Forceplate,池壁测力台,,,,,,,,,,,,,,,,,,
,Cam,相机,,,,,,,,,,,,,,,,,,
,fps  °C Gain ms err,每秒帧数°C增益 毫秒 错误,,,,,,,,,,,,,,,,,,
,fps,帧率,,,,,,,,,,,,,,,,,,
,Gain,增益,,,,,,,,,,,,,,,,,,
,ms,毫秒,,,,,,,,,,,,,,,,,,
,err,错误,,,,,,,,,,,,,,,,,,
,Gun,发令,,,,,,,,,,,,,,,,,,
,Cal tool,校准工具,,,,,,,,,,,,,,,,,,
,SumZ,Z方向和,,,,,,,,,,,,,,,,,,
,SumX,X方向和,,,,,,,,,,,,,,,,,,
,SumY,Y方向和,,,,,,,,,,,,,,,,,,
,Grab Bar,把手,,,,,,,,,,,,,,,,,,
,Free Disk,可用磁盘空间,,,,,,,,,,,,,,,,,,
,COP,压力中心,centre of pressure,,,,,,,,,,,,,,,,,
,Show,显示,,,,,,,,,,,,,,,,,,
,Front,前,,,,,,,,,,,,,,,,,,
,Front + Rear,前+后,,,,,,,,,,,,,,,,,,
,Rear,后,,,,,,,,,,,,,,,,,,
,Turn,转身,,,,,,,,,,,,,,,,,,
,Average sampling rate  (should be 500),平均采样率（应该是500）,,,,,,,,,,,,,,,,,,
,samples/sec,每秒采样数,,,,,,,,,,,,,,,,,,
,Widows - Database entries without trial data,空数据库- 没有测试数据的数据库条目,,,,,,,,,,,,,,,,,,
,Orphans - Trial data without database entries,单独数据 - 没有数据库条目的测试数据,,,,,,,,,,,,,,,,,,
,Reset Forceplates,重置测力台,,,,,,,,,,,,,,,,,,
,Check Database,检查数据库,,,,,,,,,,,,,,,,,,
,Stop Clock,停止时钟,,,,,,,,,,,,,,,,,,
,Start Clock,开始时钟
,Delete Widows && Orphans,删除空数据库和单独数据,,,,,,,,,,,,,,,,,,
,Volts,伏特,,,,,,,,,,,,,,,,,,
,Newtons,牛顿,,,,,,,,,,,,,,,,,,
,Export part of database or video files as mp4 or statistics,将数据库或视频文件的一部分导出为mp4或统计数据,,,,,,,,,,,,,,,,,,
,Check those found,检查已发现的,,,,,,,,,,,,,,,,,,
,Export to:,输出到：,,,,,,,,,,,,,,,,,,
,Available GB,可用GB,,,,,,,,,,,,,,,,,,
,Trials Selected,选择的测试,,,,,,,,,,,,,,,,,,
,Total GB to copy,复制全部GB,,,,,,,,,,,,,,,,,,
,Copy Finished,复制完成,,,,,,,,,,,,,,,,,,
,Start Export,开始输出,,,,,,,,,,,,,,,,,,
,Stats,统计,,,,,,,,,,,,,,,,,,
,Video,视频,,,,,,,,,,,,,,,,,,
,Cancel,取消,,,,,,,,,,,,,,,,,,
,File,文件,,,,,,,,,,,,,,,,,,
,Metres,米,,,,,,,,,,,,,,,,,,
,Delete the file,删除该文件,,,,,,,,,,,,,,,,,,
,Grab cal file,抓取校准文件,,,,,,,,,,,,,,,,,,
,Change Cal File,修改校准文件,,,,,,,,,,,,,,,,,,
,Del Cal Files,删除校准文件,,,,,,,,,,,,,,,,,,
,Show Calcs,显示计算,,,,,,,,,,,,,,,,,,
,Use Cal,使用校准,,,,,,,,,,,,,,,,,,
,Cal Files/Dates,校准文件/日期,,,,,,,,,,,,,,,,,,
,about,关于,,,,,,,,,,,,,,,,,,
,mins remaining,剩余的分钟,,,,,,,,,,,,,,,,,,
,secs remaining,剩余的秒数,,,,,,,,,,,,,,,,,,
,Play or Pause (space bar)  Arrows and Up or Down arrows to step,播放或暂停（空格键）方向键↑↓跳转0.1秒,,,,,,,,,,,,,,,,,,
,Show Force-Timing graphs,显示力-时间曲线,BUTTONS ON THE PLAYBACK SCREEN,,,,,,,,,,,,,,,,,
,Show Power graph,显示功率曲线,,,,,,,,,,,,,,,,,,
,Show Depth graph,显示深度曲线,,,,,,,,,,,,,,,,,,
,Graph Options,图表选项,,,,,,,,,,,,,,,,,,
,Above/Below water (F2),水上/水下（F2）,,,,,,,,,,,,,,,,,,
,Help,帮助,,,,,,,,,,,,,,,,,,
,Quit  (ESC),退出（ESC）,,,,,,,,,,,,,,,,,,
,Go to start,回到开始,,,,,,,,,,,,,,,,,,
,Splits and digitised points (F4),距离标记线和位置标记点（F4）,,,,,,,,,,,,,,,,,,
,Grid on/off,网格线（开/关）,,,,,,,,,,,,,,,,,,
,Digitise Points,位置标记点,,,,,,,,,,,,,,,,,,
,Operator adjustment of zero in secs,手动设置0点（秒）,,,,,,,,,,,,,,,,,,
,Replay speed,播放速度,,,,,,,,,,,,,,,,,,
,Basic/Advanced display toggle (F1),基本/高级显示切换（F1）,,,,,,,,,,,,,,,,,,
,Choose graph contents,选择图表内容,,,,,,,,,,,,,,,,,,
,Video display options,视频显示选项,,,,,,,,,,,,,,,,,,
,Movement detect,轨迹追踪,,,,,,,,,,,,,,,,,,
,Draw estimated CoG from Image for above water view (red),水上阶段重心（红色）,,,,,,,,,,,,,,,,,,
,Digitise 20 point CoG for above water view (test only - blue),标记入水前20个重心点（仅测试 - 蓝色）,,,,,,,,,,,,,,,,,,
,Record screen to video,屏幕录制,,,,,,,,,,,,,,,,,,
,Record Screens to MP4,记录屏幕到 MP4,,,,,,,,,,,,,,,,,,
,Clicking OK will commence recording to the specified file.,"单击 ""确定"" 将开始记录到指定的文件。",,,,,,,,,,,,,,,,,,
,Clicking the Record button again will stop it.,"再次单击 ""记录"" 按钮将停止它。",,,,,,,,,,,,,,,,,,
,Record Sound,录制声音,,,,,,,,,,,,,,,,,,
,Save to folder,保存到文件夹,,,,,,,,,,,,,,,,,,
,Print Report,打印报告,,,,,,,,,,,,,,,,,,
,Database has changed - Refresh,数据库已更改 - 刷新,,,,,,,,,,,,,,,,,,
,Log up to 40 user digitised points per 0.01 secs,每0.01秒记录40个位置标记点,,,,,,,,,,,,,,,,,,
,Trial Flags,测试标志,,,,,,,,,,,,,,,,,,
,Next frame with comment (F3),下一帧有注释的画面（F3）,,,,,,,,,,,,,,,,,,
,Trial highlight,测试重点,,,,,,,,,,,,,,,,,,
,2nd Trial highlight,测试第二重点,,,,,,,,,,,,,,,,,,
,Additional Notes For Report,报告补充说明,,,,,,,,,,,,,,,,,,
,Drag images to frames below,将图像拖动到下面的帧,,,,,,,,,,,,,,,,,,
,Comment for each pair of images,评论每对图像,,,,,,,,,,,,,,,,,,
,Trial 1,试验1,,,,,,,,,,,,,,,,,,
,Trial 2,试验2,,,,,,,,,,,,,,,,,,
,Graph>,走势图>,,,,,,,,,,,,,,,,,,
,Comparison Report,比较报告,,,,,,,,,,,,,,,,,,
,Usual keys control video except Tab replaces Space for stop/start,通常的按键控制视频，但Tab不能替代停止/开始的空间,,,,,,,,,,,,,,,,,,
,Home,首页,MAIN TABS ON THE FRONT SCREEN,,,,,,,,,,,,,,,,,
,Check Setup,设置,,,,,,,,,,,,,,,,,,
,Capture,拍摄,,,,,,,,,,,,,,,,,,
,Play Trials,播放测试,,,,,,,,,,,,,,,,,,
,Export,导出,,,,,,,,,,,,,,,,,,
,Calibrate,标定,,,,,,,,,,,,,,,,,,
,Force,力,,,,,,,,,,,,,,,,,,
,Velocity,速度,,,,,,,,,,,,,,,,,,
,Rear Plate Tot (not adjusted for grabBar force),后测力台合力（未消除把手上力的影响）,TOTAL FORCE ON REAR FORCEPLATE,,,,,,,,,,,,,,,,,
,Rear Plate Components (not adjusted for grabBar force),后测力台分力（未消除把手上力的影响）,,,,,,,,,,,,,,,,,,
,Front Plate Tot (not adjusted for grabBar force),前测力台合力（未消除把手上力的影响）,,,,,,,,,,,,,,,,,,
,Front Plate Components (not adjusted for grabBar force),前测力台分力（未消除把手上力的影响）,,,,,,,,,,,,,,,,,,
,Wall Plate Components,池壁测力台分力,,,,,,,,,,,,,,,,,,
,Clear,清除,,,,,,,,,,,,,,,,,,
,Cancel,取消,,,,,,,,,,,,,,,,,,
,Alignment markers,校准标志点,NEXT LINES RELATE TO REAL TIME CAMERA DISPLAY,,,,,,,,,,,,,,,,,
,Fit all cameras on screen,适合屏幕上全部相机,,,,,,,,,,,,,,,,,,
,1:1 (1 camera pixel to 1 screen pixel),1：1（1个相机像素到1个屏幕像素）,,,,,,,,,,,,,,,,,,
,Small,小,,,,,,,,,,,,,,,,,,
,1 camera full screen,单相机全屏显示,,,,,,,,,,,,,,,,,,
,Continuous 1:1 no borders,同比无缝衔接,,,,,,,,,,,,,,,,,,
,Turn off split lines,关闭距离标记线,,,,,,,,,,,,,,,,,,
,Show split lines,显示距离标记线,,,,,,,,,,,,,,,,,,
,Backstroke Start Bar,仰泳出发器,OPTIONS ON THE PLAYBACK SCREEN,,,,,,,,,,,,,,,,,
,Rear Plate,后测力台,,,,,,,,,,,,,,,,,,
,Components,分力,,,,,,,,,,,,,,,,,,
,Off,离,,,,,,,,,,,,,,,,,,
,Tracks,路径,,,,,,,,,,,,,,,,,,
,Vectors,矢量,,,,,,,,,,,,,,,,,,
,Instantaneous,瞬时,,,,,,,,,,,,,,,,,,
,Angle,角度,,,,,,,,,,,,,,,,,,
,Show all parameters on graphs,显示所有参数,,,,,,,,,,,,,,,,,,
,Show basic parameters on graphs,显示基本参数,,,,,,,,,,,,,,,,,,
,Free Running,无跳帧播放,PLAYBACK OPTIONS,,,,,,,,,,,,,,,,,
,Half Speed (Quarter in comparison mode),半速（比较模式下为四分之一）,,,,,,,,,,,,,,,,,,
,Full Speed,全速,,,,,,,,,,,,,,,,,,
,Flags which should not need changing,固定标志,,,,,,,,,,,,,,,,,,
,Filmed right-to-left (set during capture),从右到左拍摄（拍摄期间设置）,,,,,,,,,,,,,,,,,,
,Development Squad (set during capture),延长拍摄时间（拍摄期间设置）,,,,,,,,,,,,,,,,,,
,Don't show parameters calculated from Grab Bar data,不显示把手参数,,,,,,,,,,,,,,,,,,
,CoG Track,重心轨迹,,,,,,,,,,,,,,,,,,
,Vectors Instantaneous,瞬时力矢量,VECTORS ARE LINES DRAWN ON THE FORCEPLATE TO REPRESENT FORCE,,,,,,,,,,,,,,,,,
,Vectors Cumulative,各瞬时力矢量,,,,,,,,,,,,,,,,,,
,Stats Block,数据窗口,,,,,,,,,,,,,,,,,,
,Split lines,距离标记线,SPLITS ARE 5 7.5 10 15M,,,,,,,,,,,,,,,,,
,Comment on this frame,对这一帧进行注释,,,,,,,,,,,,,,,,,,
,OK,好,,,,,,,,,,,,,,,,,,
,Report,报告,REPORT HEADING CAN BE SWIMMING START REPORT OR COMPARISON REPORT,,,,,,,,,,,,,,,,,
,Comparison,对照,,,,,,,,,,,,,,,,,,
,Performance Analysis System - Swimming,奇石乐运动能力分析系统 - 游泳,,,,,,,,,,,,,,,,,,
,Swimmer,游泳者,,,,,,,,,,,,,,,,,,
,Swimmer1,游泳者1,,,,,,,,,,,,,,,,,,
,Swimmer2,游泳者2,,,,,,,,,,,,,,,,,,
,Trial #,测试＃,,,,,,,,,,,,,,,,,,
,Movement,运动,,,,,,,,,,,,,,,,,,
,before gun,发令前,,,,,,,,,,,,,,,,,,
,Click start of row to go to that split,点击各行查看画面,ENTERING SPLIT DETAILS,,,,,,,,,,,,,,,,,
,Click red line on image to update that split,点击画面红线更新距离标记位置,,,,,,,,,,,,,,,,,,
,Delete split,删除距离标记线,,,,,,,,,,,,,,,,,,
,m out split,米出距离标记线,,,,,,,,,,,,,,,,,,
,m in split,米在距离标记线,,,,,,,,,,,,,,,,,,
,Center of head at start,出发阶段头部中心点,,,,,,,,,,,,,,,,,,
,Center of head leaving plate,离台阶段头部中心点,,,,,,,,,,,,,,,,,,
,CoG on leaving plate,离台阶段重心,,,,,,,,,,,,,,,,,,
,Far side of hole,入水范围远端,,,,,,,,,,,,,,,,,,
,Top of head at entry,入水时头顶点,,,,,,,,,,,,,,,,,,
,Rear edge of hole,入水范围后缘,,,,,,,,,,,,,,,,,,
,Center of head at max depth,深度最大时头部中心点,,,,,,,,,,,,,,,,,,
,Center of head at first kick,第一次打腿时头部中心点,,,,,,,,,,,,,,,,,,
,Top of head at breakout,出水时头顶点,,,,,,,,,,,,,,,,,,
,Entry,入水,,,,,,,,,,,,,,,,,,
,Hole,入水范围,HOLE IN THE WATER,,,,,,,,,,,,,,,,,
,Deep,深度,,,,,,,,,,,,,,,,,,
,Enter dates in form,在表格中输入日期,,,,,,,,,,,,,,,,,,
,(Touch to Take-Off),（到边至蹬离）,FOR A TOUCH TURN,,,,,,,,,,,,,,,,,
,Set to flag this trial for reference,标记本次测试作为参考,FLAG ON CAPTURE AND PLAYBACK SCREENS,,,,,,,,,,,,,,,,,
,Front force plate,前测力台,,,,,,,,,,,,,,,,,,
,Rear force plate,后测力台,,,,,,,,,,,,,,,,,,
,Turn plate,池壁测力台,,,,,,,,,,,,,,,,,,
,Grab bar,把手,,,,,,,,,,,,,,,,,,
,Saving...,保存...,,,,,,,,,,,,,,,,,,
,Cannot create cal file,无法创建标定文件,CALIBRATION,,,,,,,,,,,,,,,,,
,Disk path,磁盘路径,,,,,,,,,,,,,,,,,,
,Cannot read cal file,无法读取标定文件,,,,,,,,,,,,,,,,,,
,Cal file is wrong version,标定文件是错误的版本,,,,,,,,,,,,,,,,,,
,Cannot update cal file,无法更新标定文件,,,,,,,,,,,,,,,,,,
,Sure?,是否确定？,,,,,,,,,,,,,,,,,,
,Delete All Cal Files,删除所有标定文件,,,,,,,,,,,,,,,,,,
,New Calibration line added to kPass.csv,新的标定线添加到kPass.csv,,,,,,,,,,,,,,,,,,
,Calibration,标定,,,,,,,,,,,,,,,,,,
,Metres from wall,米从池壁,,,,,,,,,,,,,,,,,,
,No cameras,没有相机,CAMERAS,,,,,,,,,,,,,,,,,
,Only,只要,,,,,,,,,,,,,,,,,,
,cameras,相机,,,,,,,,,,,,,,,,,,
,Cameras,相机,,,,,,,,,,,,,,,,,,
,Camera,相机,,,,,,,,,,,,,,,,,,
,not found,未找到,,,,,,,,,,,,,,,,,,
,Error creating a/d file,创建模拟数据文件时出错,CAPTURE,,,,,,,,,,,,,,,,,
,Error opening a/d file for write,打开模拟数据文件进行写入时出错,,,,,,,,,,,,,,,,,,
,Cannot create video file,无法创建视频文件,,,,,,,,,,,,,,,,,,
,Bad disk write header,坏的磁盘头,,,,,,,,,,,,,,,,,,
,Fatal,重大的,,,,,,,,,,,,,,,,,,
,Bad disk write,坏的磁盘写入,,,,,,,,,,,,,,,,,,
,Cannot write CaptureQ.txt,无法写入CaptureQ.txt文件,CAPTURE PRE-ENTRY OF TRIAL DATA,,,,,,,,,,,,,,,,,
,Need to measure weight,需要测量体重,,,,,,,,,,,,,,,,,,
,Capture,拍摄,,,,,,,,,,,,,,,,,,
,Fatal memory allocation error,重大的内存分配错误,,,,,,,,,,,,,,,,,,
,Memory Allocation,内存分配,,,,,,,,,,,,,,,,,,
,create folder failure,创建文件夹失败,,,,,,,,,,,,,,,,,,
,Too many,过多,SETUP FILE,,,,,,,,,,,,,,,,,
,entries in setup file,在安装文件中的条目,,,,,,,,,,,,,,,,,,
,rangeZ out of range 1-4,范围Z超出范围1-4,,,,,,,,,,,,,,,,,,
,Bad kPassSetup.csv,坏的kPassSetup.csv文件,,,,,,,,,,,,,,,,,,
,rangeXY out of range 1-4,rangeXY 超出范围1-4,,,,,,,,,,,,,,,,,,
,Bad camera number in view config - setup file,配置中的相机号码不正确 - 安装文件,,,,,,,,,,,,,,,,,,
,Cannot find,找不到,,,,,,,,,,,,,,,,,,
,Cannot open,不能打开,,,,,,,,,,,,,,,,,,
,Setup File,安装文件,,,,,,,,,,,,,,,,,,
,Camera width x height cannot exceed,相机宽度X高度不能超出,,,,,,,,,,,,,,,,,,
,All $cameraROI parameters must be even numbers,所有$ cameraROI参数必须是偶数,,,,,,,,,,,,,,,,,,
,Too many cal entries,标定条目过多,,,,,,,,,,,,,,,,,,
,Out of memory,内存不足,,,,,,,,,,,,,,,,,,
,Heap Failure,堆积失败,,,,,,,,,,,,,,,,,,
,Cannot write master file - write protected?,不能写入主文件 - 写入保护？,,,,,,,,,,,,,,,,,,
,Disk Failure,磁盘故障,,,,,,,,,,,,,,,,,,
,Error opening report frame file for write,打开报告框架文件进行写入时出错,FILE WITH COMMENTS ABOUT VIDEO FRAMES,,,,,,,,,,,,,,,,,
,Error opening local digitiser point file for write,打开本地数字化器点文件进行写入时出错,,,,,,,,,,,,,,,,,,
,Cannot copy from,无法复制,EXPORT,,,,,,,,,,,,,,,,,
,to,至,,,,,,,,,,,,,,,,,,
,Export,导出,,,,,,,,,,,,,,,,,,
,No trials selected,没有选择试验,STATISTICS,,,,,,,,,,,,,,,,,
,Statistics,统计,,,,,,,,,,,,,,,,,,
,Cannot open output file,无法打开输出文件,,,,,,,,,,,,,,,,,,
,Cannot create export folder,无法创建导出文件夹,,,,,,,,,,,,,,,,,,
,Cannot open master,无法打开主文件,,,,,,,,,,,,,,,,,,
,Export path is same as database path,导出路径与数据库路径相同,,,,,,,,,,,,,,,,,,
,Export Error,导出错误,,,,,,,,,,,,,,,,,,
,Cannot access a/d - check 5695 connected with power on,无法访问模拟数据 - 检查与5695是否连接电源,,,,,,,,,,,,,,,,,,
,Data Acquisition,数据采集,,,,,,,,,,,,,,,,,,
,Cannot find data file - is DataPath in kPass.csv?,找不到数据文件 - kPass.csv中是否有数据路径？,,,,,,,,,,,,,,,,,,
,Cannot change the folder - no updates applied,无法更改文件夹 - 没有可应用的更新,,,,,,,,,,,,,,,,,,
,Edit,编辑,,,,,,,,,,,,,,,,,,
,Can only delete when 1 is selected,只能在1被选中的情况之下删除,,,,,,,,,,,,,,,,,,
,Delete,删除,,,,,,,,,,,,,,,,,,
,Click OK to delete,点击确定删除,,,,,,,,,,,,,,,,,,
,Delete failed,删除失败,,,,,,,,,,,,,,,,,,
,No swimmer name entered,没有输入游泳者的姓名,,,,,,,,,,,,,,,,,,
,Add Fail,添加失败,,,,,,,,,,,,,,,,,,
,Change trial - not swimmer,更改测试 - 不是游泳者,,,,,,,,,,,,,,,,,,
,Change Fail,更改失败,,,,,,,,,,,,,,,,,,
,Delete?,删除？,,,,,,,,,,,,,,,,,,
,You have some unsaved changes - do you want the opportunity to save these first?,您有一些未保存的更改 - 您是否希望有机会先保存这些更改？,,,,,,,,,,,,,,,,,,
,Orphans are data and video files with no corresponding entries in kPass.csv.,单独数据是指在kPass.csv文件中没有对应条目的数据和视频文件。,,,,,,,,,,,,,,,,,,
,Deleting them is permanent,永久性删除,,,,,,,,,,,,,,,,,,
,Delete all Orphans,删除所有的单独数据,,,,,,,,,,,,,,,,,,
,Database OK,数据库确定,,,,,,,,,,,,,,,,,,
,Check Database,检查数据库,,,,,,,,,,,,,,,,,,
,DATABASE,数据库,,,,,,,,,,,,,,,,,,
,Click Measure after swimmer on block,单击游泳程序后单击测量,,,,,,,,,,,,,,,,,,
,Click Measure well before swimmer starts in,在游泳开始之前单击测量,,,,,,,,,,,,,,,,,,
,Waiting for turn,等待转身,,,,,,,,,,,,,,,,,,
,Waiting for off block,等待离出发台,,,,,,,,,,,,,,,,,,
,Waiting for gun,等待发令,,,,,,,,,,,,,,,,,,
,Manual trigger,手动触发,,,,,,,,,,,,,,,,,,
,Filter Settings,过滤,,,,,,,,,,,,,,,,,,
,Filter text,过滤文本,,,,,,,,,,,,,,,,,,
,Add search words with spaces between to limit the trials shown,添加空格之间的空格来限制显示的试验,,,,,,,,,,,,,,,,,,
,F or M selects by gender,女或男按性别选择,,,,,,,,,,,,,,,,,,
,1 date only selects trials for that date,1日期仅选择该日期的试用版,,,,,,,,,,,,,,,,,,
,2 dates select a range,2日期选择一个范围,,,,,,,,,,,,,,,,,,
,* selects trials which are flagged,*选择标记的试验,,,,,,,,,,,,,,,,,,
,suit selects those marked accordingly,游泳衣选择相应的标记,,,,,,,,,,,,,,,,,,
,Turn detected,检测到转身,,,,,,,,,,,,,,,,,,
,Start detected,到边,,,,,,,,,,,,,,,,,,
,Gun received,检测到信号,,,,,,,,,,,,,,,,,,
,1 of 2,1/2,,,,,,,,,,,,,,,,,,
,2 of 2,2/2,,,,,,,,,,,,,,,,,,
,HandsHorizontal,手水平
,HandsVertical,双手垂直
,,,,,,,,,,,,,,,,,,,,
$bodyLean,1,,,,,,,,,,,,,,,,,,,
$videoTextColour,255,128,0,,,red green and blue values. Try editting colour in Microsoft Paint and use the RGB numbers,,,,,,,,,,,,,,
$videoShadedTextColour,255,255,255,,,red green and blue values. Try editting colour in Microsoft Paint and use the RGB numbers,,,,,,,,,,,,,,
$masterFileHeader,,,,,,heading line on database - fixed line can't be changed. ,,,,,,,,,,,,,,
,,,,,,If you add or delete a column in times then you must insert the extra column,,,,,,,,,,,,,,
,,,,,,in the database before running kPass again,,,,,,,,,,,,,,
,,,,,,times line contains the metres at which times are recorded - head will say t 5m; t 10m etc,,,,,,,,,,,,,,
,,,,,,,,,,,,,,,,,,,,
,times,-10,-5,5,7.5,10,15,,,,,,,,,,,,,
,,,,,,,,,,,,,,,,,,,,
$cameraImage,brightness,50,50,50,50,50,"Brightness target for cameras. 1 to 100, 50 is default, 80 is very bright, 0 means default",,,,,,,,,,,,,
,,,,,,,,,,,,,,,,,,,,
$cameraROI,,,,,,"Camera Region of Interest, 1 column per camera, all in pixels. Mako 223 has a max of 2048*1024 but the max it can handle at 100hz is 1024*512",,,,,,,,,,,,,,
,offsetX,570,570,834,570,570,,pixel offset from the left (must be even number),,,,,Cam 3 part view start at 834 left to right 570 right to left,,,,,,,
,offsetY,256,256,256,256,256,,pixel offset from the top  (must be even number),,,,,,,,,,,,
,height,512,512,512,512,512,,must be even number,,,,,,,,,,,,
,width,908,908,644,908,908,,must be even number,,,,,,,,,,,,
,,,,,,,,,,,,,,,,,,,,
$vidStart,,,,,,start of video file in secs wrt trigger for each camera ﾖ 100 means start on capture button,,,,,,,,,,,,,,
,start,-1,0.8,1,1.7,2.8,,,,,,,,,,,,,,
,relayStart,-2,-3,-3,1,2.5,,,,,,,,,,,,,,
,turn,-3,-5,-8,-8,3.5,,,,,,,,,,,,,,
,backstrokeStart,-1,-1,-1,2.5,3.8,,,,,,,,,,,,,,
,,,,,,,,,,,,,,,,,,,,
$vidEnd,,,,,,,end of video file in secs wrt trigger - 100 = stop on OK button,,,,,,,,,,,,,
,start,2,4.3,5.9,9,11,,,,,,,,,,,,,,
,relayStart,2,4.3,5.9,9,11,,,,,,,,,,,,,,
,turn,3,5.5,7.8,12,12,,,,,,,,,,,,,,
,backstrokeStart,2.5,6.5,6.5,9,11,,,,,,,,,,,,,,
,,,,,,,,,,,,,,,,,,,,
$vidStartSlow,,,,,,,start of video file in secs wrt trigger for each camera for slower squads,,,,,,,,,,,,,
,start,-1,0.8,0.8,1.5,3.5,,,,,,,,,,,,,,
,relayStart,-2,-3,-3,1,3.2,,,,,,,,,,,,,,
,turn,-3,-5,-5,-8,4.2,,,,,,,,,,,,,,
,backstrokeStart,-1,-1,-1,2.5,4.5,,,,,,,,,,,,,,
,,,,,,,,,,,,,,,,,,,,
$vidEndSlow,,,,,,,end of video file in secs wrt trigger for slower squads,,,,,,,,,,,,,
,start,2,4.5,7,10,11,,,,,,,,,,,,,,
,relayStart,2.5,3.5,4.5,10,10,,,,,,,,,,,,,,
,turn,3,8,8,11,11,,,,,,,,,,,,,,
,backstrokeStart,2.5,7.5,7.5,11,13,,,,,,,,,,,,,,
,,,,,,,,,,,,,,,,,,,,
$shuffleSpeed,,,,,,m/s view shuffle speed,,,,,,,,,,,,,,
,start,1.92,,,,,,,,,,,,,,,,,,
,relayStart,1.92,,,,,,,,,,,,,,,,,,
,turn,1.46,,,,,,,,,,,,,,,,,,
,backstrokeStart,1.92,,,,,,,,,,,,,,,,,,
,developmentFactor,0.8,,,,Multiply by this factor for development squads,,,,,,,,,,,,,,
,,,,,,,,,,,,,,,,,,,,
$shuffleStart,,,,,,seconds from 0 to start shuffling,,,,,,,,,,,,,,
,start,1.6,,,,,,,,,,,,,,,,,,
,relayStart,1.6,,,,,,,,,,,,,,,,,,
,turn,1.9,,,,,,,,,,,,,,,,,,
,backstrokeStart,1.6,,,,,,,,,,,,,,,,,,
,,,,,,,,,,,,,,,,,,,,
$preAndPostTriggerSecs,,,,,,a/d values to be stored before and after trigger in secs,,,,,,,,,,,,,,
,start,1,3,,,,,,,,,,,,,,,,,
,relayStart,4,3,,,,,,,,,,,,,,,,,
,turn,4,3,,,,,,,,,,,,,,,,,
,,,,,,,,,,,,,,,,,,,,
$preAndPostGraphSecs,,,,,,Pre and post trigger secs to show on graphs,,,,,,,,,,,,,,
,start,0.1,1.2,,,,,,,,,,,,,,,,,
,relayStart,2,1,,,,,,,,,,,,,,,,,
,turn,0.3,2,,,,,,,,,,,,,,,,,
,,,,,,,,,,,,,,,,,,,,
$graphRanges,,,,,,,,,,,,,,,,,,,,
,yforce,0,3000,,,,,,,,,,,,,,,,,
,yBW,-1,3,,,bodyweights,,,,,,,,,,,,,,
,yVel,-2,6,,,,,,,,,,,,,,,,,
,,,,,,,,,,,,,,,,,,,,
,,,,,,,,,,,,,,,,,,,,
$digPoints,,,,,,meaning of each digitised point for each trial type.,,,,,,,,,,,,,,
,,,,,,You can change the labels but where used for calculations the sequence will be kept. ,,,,,,,,,,,,,,
,,,,,,ie CoG remains the third digitized point even if the text is changed,,,,,,,,,,,,,,
,,Meaning,,,,,,,,,,,,,,,,,,
,start,Center of head at start,Center of head leaving plate,CoG on leaving plate,Far side of hole,Top of head at entry,Rear edge of hole,Center of head at max depth,Center of head at first kick,Top of head at breakout,,,,,,,,,,
,relayStart,Center of head at start,Center of head leaving plate,CoG on leaving plate,Far side of hole,Top of head at entry,Rear edge of hole,Center of head at max depth,Center of head at first kick,Top of head at breakout,,,,,,,,,,
,turn,,Center of head leaving plate,,,,,Center of head at max depth,Center of head at first kick,Top of head at breakout,,,,,,,,,,
,,,,,,,,,,,,,,,,,,,,
$footplatePosition,1,2,3,4,5,,,,,,,,,,,,,,,
,,,,,,,,,,,,,,,,,,,,
,,date dependent info below. To change one group duplicate everything for latest date and add it after.,,,,,,,,,,,,,,,,,,
,,,,,,,,,,,,,,,,,,,,
,,,,,,,,,,,,,,,,,,,,
$forceplateFrontBlock,20140426,following parameters are for the front forceplate on the starting block,,,,,,,,,,,,,,,,,,
,filter,10,,,,"cutoff freq for software filter of forceplate raw data (10=10Hz, 0=no filtering)",,,,,,,,,,,,,,
,rangeZ,2,,,,Amplifier range 4=multiply x 1; 3=x5; 2;=x10; 1=x20,,,,,,,,,,,,,,
,rangeXY,3,,,,Amplifier range 4=multiply x 1; 3=x5; 2;=x10; 1=x20,,,,,,,,,,,,,,
,angle,9,,,,Angle in degrees of the plate with respect to the water,,,,,,,,,,,,,,
,plateLength,411,,,,length in mm along block from pool,,,,,,,,,,,,,,
,plateWidth,520,,,,,,,,,,,,,,,,,,
,plateToWater,720,,,,Distance of leading edge of plate to the water,,,,,,was 340,,,,,,,,
,backstrokeBarToTopOfPlate,205,,,,Middle of backstroke bar to top front of block,,,,,,,,,,,,,,
,az0,-41,,,,"mm Distance surface of forceplate from x,y plane (used in COP)",,,,,,,,,,,,,,
,a,235,,,,mm Distance axis of sensor from y axis,,,,,,,,,,,,,,
,b,159.5,,,,mm Distance of axis of sensor from x axis,,,,,,,,,,,,,,
,z1,0,1,2,3.397,20,,a/d channel then mv/N for each of the sensitivities 4 3 2 1,,,,,,,,,,,,
,z2,1,1,2,3.397,20,,serial number 4556673,,,,,,,,,,,,
,z3,2,1,2,3.397,20,,,,,,,,,,,,,,
,z4,3,1,2,3.397,20,,,,,,,,,,,,,,
,x12,4,2,3.86,8,40,,,,,,,,,,,,,,
,x34,5,2,3.86,8,40,,,,,,,,,,,,,,
,y14,6,2,3.829,8,40,,,,,,,,,,,,,,
,y23,7,2,3.829,8,40,,,,,,,,,,,,,,
,,,,,,,,,,,,,,,,,,,,
,,,,,,,,,,,,,,,,,,,,
$forceplateRearBlock,20140426,,,,,,,,,,,,,,,,,,,
,filter,10,,,,"cutoff freq for software filter of forceplate raw data (10=10Hz, 0=no filtering)",,,,,,,,,,,,,,
,rangeZ,2,,,,must be same as front plate beacause sensitivity lines are shared between 2 forceplates,,,,,,,,,,,,,,
,rangeXY,3,,,,,,,,,,,,,,,,,,
,plateLength,369,,,,,,,,,,,,,,,,,,
,plateWidth,520,,,,,,,,,,,,,,,,,,
,az0,-41,,,,"mm Distance surface of forceplate from x,y plane (used in COP)",,,,,,,,,,,,,,
,a,235,,,,mm Distance axis of sensor from y axis,,,,,,,,,,,,,,
,b,159.5,,,,mm Distance of axis of sensor from x axis,,,,,,,,,,,,,,
,z1,8,1,2,3.566,20,,a/d channel then mv/N for each of the sensitivities 4 3 2 1,,,,,,,,,,,,
,z2,9,1,2,3.566,20,,serial number 4556673,,,,,,,,,,,,
,z3,10,1,2,3.566,20,,,,,,,,,,,,,,
,z4,11,1,2,3.566,20,,,,,,,,,,,,,,
,x12,12,2,3.872,8,40,,,,,,,,,,,,,,
,x34,13,2,3.872,8,40,,,,,,,,,,,,,,
,y14,14,2,3.84,8,40,,,,,,,,,,,,,,
,y23,15,2,3.84,8,40,,,,,,,,,,,,,,
,,,,,,,,,,,,,,,,,,,,
,,,,,,,,,,,,,,,,,,,,
$forceplateTurn,20140426,,,,,,,,,,,,,,,,,,,
,filter,10,,,,"cutoff freq for software filter of forceplate raw data (10=10Hz, 0=no filtering)",,,,,,,,,,,,,,
,rangeZ,2,,,,,,,,,,,,,,,,,,
,rangeXY,2,,,,,,,,,,,,,,,,,,
,angle,10,,,,,,,,,,,,,,,,,,
,plateLength,900,,,,,,,,,,,,,,,,,,
,plateWidth,600,,,,,,,,,,,,,,,,,,
,az0,-20,,,,"mm Distance surface of forceplate from x,y plane (used in COP)",,,,,,,,,,,,,,
,a,210,,,,mm Distance axis of sensor from y axis,,,,,,,,,,,,,,
,b,260,,,,mm Distance of axis of sensor from x axis,,,,,,,,,,,,,,
,backstrokeBarToTopOfPlate,200,,,,,,,,,,,,,,,,,,
,topOfTurnplateToWater,310,,,,,,,,,,,,,,,,,,
,turnPlateRect,0.94,0.046,0.194,0.24,"position of turn plate in frame  x1, y1  x2 y2 where top left is 0 0 and bottom right is 1 1",,,,,,,,,,,,,,
,,,,,,,,,,,,,,,,Old ranges,,,Turning plate BMS - calibration cert. (range 2 and 1),
,z1,16,1,2,4.069,4.069,,a/d channel then mv/N for each of the sensitivities 4 3 2 1,,,,,,,,2,3.687,,2.592,4.069
,z2,17,1,2,4.069,4.069,,,,,,,,,,2,3.687,,2.592,4.069
,z3,18,1,2,4.069,4.069,,,,,,,,,,2,3.687,,2.592,4.069
,z4,19,1,2,4.069,4.069,,,,,,,,,,2,3.687,,2.592,4.069
,x12,20,2,4,6.12,6.12,,,,,,,,,,2,5.803,,3.071,6.12
,x34,21,2,4,6.12,6.12,,,,,,,,,,2,5.803,,3.071,6.12
,y14,22,2,4,6.346,6.346,,,,,,,,,,2,6.286,,3.285,6.346
,y23,23,2,4,6.346,6.346,,,,,,,,,,2,6.286,,3.285,6.346
,,,,,,,,,,,,,,,,,,,,
$grabBar,20140426,,,,,,,,,,,,,,,,,,,
,rangeZ,2,1,,,Sensitivity for each grab channel,,,,,,,,,,,,,,
,x,25,5.026,19.976,,"x-channel         a/d channel for 2 channels (x,z) ﾖ left and right as you look down the pool, then mv/N for each of 2 sensitivities (2,1)",,,,,,,,,,,,,,
,z,26,3.312,5,,z-channel,,,,,,,,,,,,,,
,,,,,,,,,,,,,,,,,,,,
,,,,,,,,,,,,,,,,,,,,
$forceplateFrontBlock,20141128,following parameters are for the front forceplate on the starting block,,,,,,,,,,,,,,,,,,
,filter,10,,,,"cutoff freq for software filter of forceplate raw data (10=10Hz, 0=no filtering)",,,,,,,,,,,,,,
,rangeZ,2,,,,Amplifier range 4=multiply x 1; 3=x5; 2;=x10; 1=x20,,,,,,,,,,,,,,
,rangeXY,3,,,,Amplifier range 4=multiply x 1; 3=x5; 2;=x10; 1=x20,,,,,,,,,,,,,,
,angle,8.8,,,,Angle in degrees of the plate with respect to the water,,,,,,,,,,,,,,
,plateLength,411,,,,length in mm along block from pool,,,,,,,,,,,,,,
,plateWidth,520,,,,,,,,,,,,,,,,,,
,plateToWater,700,,,,Distance of leading edge of plate to the water,,,,,,was 340,,,,,,,,
,backstrokeBarToTopOfPlate,205,,,,Middle of backstroke bar to top front of block,,,,,,,,,,,,,,
,az0,-41,,,,"mm Distance surface of forceplate from x,y plane (used in COP)",,,,,,,,,,,,,,
,a,235,,,,mm Distance axis of sensor from y axis,,,,,,,,,,,,,,
,b,159.5,,,,mm Distance of axis of sensor from x axis,,,,,,,,,,,,,,
,z1,4,1,2,3.407,20,,a/d channel then mv/N for each of the sensitivities 4 3 2 1,,,,,,,,,,,,
,z2,5,1,2,3.407,20,,serial number 4556673,,,,,,,,,,,,
,z3,6,1,2,3.407,20,,,,,,,,,,,,,,
,z4,7,1,2,3.407,20,,,,,,,,,,,,,,
,x12,0,2,3.871,8,40,,,,,,,,,,,,,,
,x34,1,2,3.871,8,40,,,,,,,,,,,,,,
,y14,2,2,3.875,8,40,,,,,,,,,,,,,,
,y23,3,2,3.875,8,40,,,,,,,,,,,,,,
,,,,,,,,,,,,,,,,,,,,
,,,,,,,,,,,,,,,,,,,,
$forceplateRearBlock,20141128,,,,,,,,,,,,,,,,,,,
,filter,10,,,,"cutoff freq for software filter of forceplate raw data (10=10Hz, 0=no filtering)",,,,,,,,,,,,,,
,rangeZ,2,,,,must be same as front plate beacause sensitivity lines are shared between 2 forceplates,,,,,,,,,,,,,,
,rangeXY,3,,,,,,,,,,,,,,,,,,
,plateLength,369,,,,,,,,,,,,,,,,,,
,plateWidth,520,,,,,,,,,,,,,,,,,,
,az0,-41,,,,"mm Distance surface of forceplate from x,y plane (used in COP)",,,,,,,,,,,,,,
,a,235,,,,mm Distance axis of sensor from y axis,,,,,,,,,,,,,,
,b,159.5,,,,mm Distance of axis of sensor from x axis,,,,,,,,,,,,,,
,z1,12,1,2,3.39,20,,a/d channel then mv/N for each of the sensitivities 4 3 2 1,,,,,,,,,,,,
,z2,13,1,2,3.39,20,,serial number 4556673,,,,,,,,,,,,
,z3,14,1,2,3.39,20,,,,,,,,,,,,,,
,z4,15,1,2,3.39,20,,,,,,,,,,,,,,
,x12,8,2,3.857,8,40,,,,,,,,,,,,,,
,x34,9,2,3.857,8,40,,,,,,,,,,,,,,
,y14,10,2,3.873,8,40,,,,,,,,,,,,,,
,y23,11,2,3.873,8,40,,,,,,,,,,,,,,
,,,,,,,,,,,,,,,,,,,,
$forceplateTurn,20141128,,,,,,,,,,,,,,,,,,,
,filter,10,,,,"cutoff freq for software filter of forceplate raw data (10=10Hz, 0=no filtering)",,,,,,,,,,,,,,
,rangeZ,2,,,,,,,,,,,,,,,,,,
,rangeXY,2,,,,,,,,,,,,,,,,,,
,angle,10,,,,,,,,,,,,,,,,,,
,plateLength,900,,,,,,,,,,,,,,,,,,
,plateWidth,600,,,,,,,,,,,,,,,,,,
,az0,-20,,,,"mm Distance surface of forceplate from x,y plane (used in COP)",,,,,,,,,,,,,,
,a,210,,,,mm Distance axis of sensor from y axis,,,,,,,,,,,,,,
,b,260,,,,mm Distance of axis of sensor from x axis,,,,,,,,,,,,,,
,backstrokeBarToTopOfPlate,200,,,,,,,,,,,,,,,,,,
,topOfTurnplateToWater,295,,,,,,,,,,,,,,,,,,
,turnPlateRect,0.94,0.046,0.194,0.24,"position of turn plate in frame  x1, y1  x2 y2 where top left is 0 0 and bottom right is 1 1",,,,,,,,,,,,,,
,,,,,,,,,,,,,,,,Old ranges,,,Turning plate BMS - calibration cert. (range 2 and 1),
,z1,20,1,2,4.538,20,,a/d channel then mv/N for each of the sensitivities 4 3 2 1,,,,,,,,2,3.687,,2.592,4.069
,z2,21,1,2,4.538,20,,,,,,,,,,2,3.687,,2.592,4.069
,z3,22,1,2,4.538,20,,,,,,,,,,2,3.687,,2.592,4.069
,z4,23,1,2,4.538,20,,,,,,,,,,2,3.687,,2.592,4.069
,x12,16,2,4,7.501,40,,,,,,,,,,2,5.803,,3.071,6.12
,x34,17,2,4,7.501,40,,,,,,,,,,2,5.803,,3.071,6.12
,y14,18,2,4,7.434,40,,,,,,,,,,2,6.286,,3.285,6.346
,y23,19,2,4,7.434,40,,,,,,,,,,2,6.286,,3.285,6.346
,,,,,,,,,,,,,,,,,,,,
$grabBar,20141128,,,,,Superseded when grab channels integrated with front forceplate,,,,,,,,,,,,,,
,rangeZ,2,1,,,Sensitivity for each grab channel,,,,,,,,,,,,,,
,x,24,5.007,20.028,,"x-channel         a/d channel for 2 channels (x,z) , then mv/N for each of 2 sensitivities (2,1)",,,,,,,,,,,,,,
,z,28,3.326,5.001,,z-channel,,,,,,,,,,,,,,
,,,,,,,,,,,,,,,,,,,,
$gun,20130814,,,,,,,,,,,,,,,,,,,
,ad,28,,,,a/d channel for the gun,,,,,,,,,,,,,,
,,,,,,,,,,,,,,,,,,,,
$gun,20140618,,,,,,,,,,,,,,,,,,,
,ad,31,,,,a/d channel for the gun,,,,,,,,,,,,,,
,,,,,,,,,,,,,,,,,,,,
$forceplateFrontBlock,20151124,following parameters are for the front forceplate on the starting block,,,,,,,,,First QAS,,,,,,,,,
,filter,10,,,,"cutoff freq for software filter of forceplate raw data (10=10Hz, 0=no filtering)",,,,,,,,,,,,,,
,rangeZ,2,,,,Amplifier range 4=multiply x 1; 3=x5; 2;=x10; 1=x20,,,,,,,,,,,,,,
,rangeXY,3,,,,Amplifier range 4=multiply x 1; 3=x5; 2;=x10; 1=x20,,,,,,,,,,,,,,
,angle,10.1,,,,Angle in degrees of the plate with respect to the water,,,,,,,,,,,,,,
,plateLength,411,,,,length in mm along block from pool,,,,,,,,,,,,,,
,plateWidth,520,,,,,,,,,,,,,,,,,,
,plateToWater,730,,,,Distance of leading edge of plate to the water,,,,,,was 340,,,,,,,,
,backstrokeBarToTopOfPlate,210,,,,Middle of backstroke bar to top front of block,,,,,,,,,,,,,,
,az0,-41,,,,"mm Distance surface of forceplate from x,y plane (used in COP)",,,,,,,,,,,,,,
,a,235,,,,mm Distance axis of sensor from y axis,,,,,,,,,,,,,,
,b,159.5,,,,mm Distance of axis of sensor from x axis,,,,,,,,,,,,,,
,z1,4,1,2,3.701,20,,a/d channel then mv/N for each of the sensitivities 4 3 2 1,,,,,,,,,,,,
,z2,5,1,2,3.701,20,,serial number 4866036,,,,,,,,,,,,
,z3,6,1,2,3.701,20,,,,,,,,,,,,,,
,z4,7,1,2,3.701,20,,,,,,,,,,,,,,
,grabz12,0,2,1.88,8,40,,,,,,,,,,,,,,
,grabx12,1,2,3.743,8,40,,,,,,,,,,,,,,
,y14,2,2,3.875,8,40,,,,,,,,,,,,,,
,y23,3,2,3.875,8,40,,,,,,,,,,,,,,
,,,,,,,,,,,,,,,,,,,,
,,,,,,,,,,,,,,,,,,,,
$forceplateRearBlock,20151124,,,,,,,,,,,,,,,,,,,
,filter,10,,,,"cutoff freq for software filter of forceplate raw data (10=10Hz, 0=no filtering)",,,,,,,,,,,,,,
,rangeZ,2,,,,must be same as front plate beacause sensitivity lines are shared between 2 forceplates,,,,,,,,,,,,,,
,rangeXY,3,,,,,,,,,,,,,,,,,,
,plateLength,369,,,,,,,,,,,,,,,,,,
,plateWidth,520,,,,,,,,,,,,,,,,,,
,az0,-41,,,,"mm Distance surface of forceplate from x,y plane (used in COP)",,,,,,,,,,,,,,
,a,235,,,,mm Distance axis of sensor from y axis,,,,,,,,,,,,,,
,b,159.5,,,,mm Distance of axis of sensor from x axis,,,,,,,,,,,,,,
,z1,12,1,2,3.593,20,,a/d channel then mv/N for each of the sensitivities 4 3 2 1,,,,,,,,,,,,
,z2,13,1,2,3.593,20,,serial number 4866036,,,,,,,,,,,,
,z3,14,1,2,3.593,20,,,,,,,,,,,,,,
,z4,15,1,2,3.593,20,,,,,,,,,,,,,,
,grabz12,8,2,1.88,8,40,,,,,,,,,,,,,,
,grabx12,9,2,3.743,8,40,,,,,,,,,,,,,,
,y14,10,2,3.871,8,40,,,,,,,,,,,,,,
,y23,11,2,3.871,8,40,,,,,,,,,,,,,,
,,,,,,,,,,,,,,,,,,,,
$forceplateTurn,20151124,,,,,,,,,,,,,,,,,,,
,filter,10,,,,"cutoff freq for software filter of forceplate raw data (10=10Hz, 0=no filtering)",,,,,,,,,,,,,,
,rangeZ,2,,,,,,,,,,,,,,,,,,
,rangeXY,2,,,,,,,,,,,,,,,,,,
,angle,10,,,,,,,,,,,,,,,,,,
,plateLength,900,,,,,,,,,,,,,,,,,,
,plateWidth,600,,,,,,,,,,,,,,,,,,
,az0,-20,,,,"mm Distance surface of forceplate from x,y plane (used in COP)",,,,,,,,,,,,,,
,a,210,,,,mm Distance axis of sensor from y axis,,,,,,,,,,,,,,
,b,260,,,,mm Distance of axis of sensor from x axis,,,,,,,,,,,,,,
,backstrokeBarToTopOfPlate,210,,,,,,,,,,,,,,,,,,
,topOfTurnplateToWater,300,,,,,,,,,,,,,,,,,,
,,,,,,,,,,,,,,,,Old ranges,,,Turning plate BMS - calibration cert. (range 2 and 1),
,z1,20,1,2,3.774,20,,a/d channel then mv/N for each of the sensitivities 4 3 2 1,,,,,,,,2,3.687,,2.592,4.069
,z2,21,1,2,3.774,20,,serial number 4862437,,,,,,,,2,3.687,,2.592,4.069
,z3,22,1,2,3.774,20,,,,,,,,,,2,3.687,,2.592,4.069
,z4,23,1,2,3.774,20,,,,,,,,,,2,3.687,,2.592,4.069
,x12,16,2,4,3.786,40,,,,,,,,,,2,5.803,,3.071,6.12
,x34,17,2,4,3.786,40,,,,,,,,,,2,5.803,,3.071,6.12
,y14,18,2,4,3.786,40,,,,,,,,,,2,6.286,,3.285,6.346
,y23,19,2,4,3.786,40,,,,,,,,,,2,6.286,,3.285,6.346
,,,,,,,,,,,,,,,,,,,,
,,,,,,,,,,,,,,,,,,,,
,Beijing...............,,,,,,,,,,,,,,,,,,,
$forceplateFrontBlock,20180423,following parameters are for the front forceplate on the starting block,,,,,,,,,,,,,,,,,,
,filter,10,,,,"cutoff freq for software filter of forceplate raw data (10=10Hz, 0=no filtering)",,,,,,,,,,,,,,
,rangeZ,2,,,,Amplifier range 4=multiply x 1; 3=x5; 2;=x10; 1=x20,,,,,,,,,,,,,,
,rangeXY,3,,,,Amplifier range 4=multiply x 1; 3=x5; 2;=x10; 1=x20,,,,,,,,,,,,,,
,angle,10.2,,,,Angle in degrees of the plate with respect to the water,,,,,,,,,,,,,,
,plateLength,411,,,,length in mm along block from pool,,,,,,,,,,,,,,
,plateWidth,520,,,,,,,,,,,,,,,,,,
,plateToWater,720,,,,Distance of leading edge of plate to the water,,,,,,,,,,,,,,
,backstrokeBarToTopOfPlate,197,,,,Middle of backstroke bar to top front of block,,,,,,,,,,,,,,
,az0,-41,,,,"mm Distance surface of forceplate from x,y plane (used in COP)",,,,,,,,,,,,,,
,a,235,,,,mm Distance axis of sensor from y axis,,,,,,,,,,,,,,
,b,159.5,,,,mm Distance of axis of sensor from x axis,,,,,,,,,,,,,,
,z1,4,1,2,3.611,20,,a/d channel then mv/N for each of the sensitivities 4 3 2 1,,,,,,,,,,,,
,z2,5,1,2,3.611,20,,serial number 5280979,,,,,,,,,,,,
,z3,6,1,2,3.611,20,,,,,,,,,,,,,,
,z4,7,1,2,3.611,20,,,,,,,,,,,,,,
,grabz12,0,2,3.889,8,40,,,,,,,,,,,,,,
,grabx12,1,2,1.842,8,40,,,,,,,,,,,,,,
,grabxV,1,2,1.871,8,40
,y14,2,2,3.861,8,40,,,,,,,,,,,,,,
,y23,3,2,3.861,8,40,,,,,,,,,,,,,,
,,,,,,,,,,,,,,,,,,,,
$forceplateRearBlock,20180423,,,,,,,,,,,,,,,,,,,
,filter,10,,,,"cutoff freq for software filter of forceplate raw data (10=10Hz, 0=no filtering)",,,,,,,,,,,,,,
,rangeZ,2,,,,must be same as front plate beacause sensitivity lines are shared between 2 forceplates,,,,,,,,,,,,,,
,rangeXY,3,,,,,,,,,,,,,,,,,,
,plateLength,369,,,,,,,,,,,,,,,,,,
,plateWidth,520,,,,,,,,,,,,,,,,,,
,az0,-41,,,,"mm Distance surface of forceplate from x,y plane (used in COP)",,,,,,,,,,,,,,
,a,235,,,,mm Distance axis of sensor from y axis,,,,,,,,,,,,,,
,b,159.5,,,,mm Distance of axis of sensor from x axis,,,,,,,,,,,,,,
,z1,12,1,2,3.657,20,,a/d channel then mv/N for each of the sensitivities 4 3 2 1,,,,,,,,,,,,
,z2,13,1,2,3.657,20,,serial number 5280979,,,,,,,,,,,,
,z3,14,1,2,3.657,20,,,,,,,,,,,,,,
,z4,15,1,2,3.657,20,,,,,,,,,,,,,,
,grabz12,0,2,3.889,8,40,,,,,,,,,,,,,,
,grabx12,1,2,1.842,8,40,,,,,,,,,,,,,,
,grabxV,1,2,1.871,8,40
,y14,10,2,3.864,8,40,,,,,,,,,,,,,,
,y23,11,2,3.864,8,40,,,,,,,,,,,,,,
,,,,,,,,,,,,,,,,,,,,
$forceplateTurn,20180423,,,,,,,,,,,,,,,,,,,
,filter,10,,,,"cutoff freq for software filter of forceplate raw data (10=10Hz, 0=no filtering)",,,,,,,,,,,,,,
,rangeZ,2,,,,,,,,,,,,,,,,,,
,rangeXY,2,,,,,,,,,,,,,,,,,,
,angle,10,,,,,,,,,,,,,,,,,,
,plateLength,900,,,,,,,,,,,,,,,,,,
,plateWidth,600,,,,,,,,,,,,,,,,,,
,az0,-20,,,,"mm Distance surface of forceplate from x,y plane (used in COP)",,,,,,,,,,,,,,
,a,210,,,,mm Distance axis of sensor from y axis,,,,,,,,,,,,,,
,b,260,,,,mm Distance of axis of sensor from x axis,,,,,,,,,,,,,,
,backstrokeBarToTopOfPlate,210,,,,,,,,,,,,,,,,,,
,topOfTurnplateToWater,318,,,,,,,,,,,,,,,,,,
,z1,20,1,2,3.384,20,,a/d channel then mv/N for each of the sensitivities 4 3 2 1,,,,,,,,,,,,
,z2,21,1,2,3.384,20,,serial number 5279786,,,,,,,,,,,,
,z3,22,1,2,3.384,20
,z4,23,1,2,3.384,20
,x12,16,2,4,7.362,40
,x34,17,2,4,7.362,40
,y14,18,2,4,7.362,40
,y23,19,2,4,7.362,40
,,,,,,,,,,,,,,,,,,,,
$forceplateTurn,20180918,,,,,,,,,,,,,,,,,,,
,filter,10,,,,"cutoff freq for software filter of forceplate raw data (10=10Hz, 0=no filtering)",,,,,,,,,,,,,,
,rangeZ,2,,,,,,,,,,,,,,,,,,
,rangeXY,3,,,,,,,,,,,,,,,,,,
,angle,10,,,,,,,,,,,,,,,,,,
,plateLength,900,,,,,,,,,,,,,,,,,,
,plateWidth,600,,,,,,,,,,,,,,,,,,
,az0,-20,,,,"mm Distance surface of forceplate from x,y plane (used in COP)",,,,,,,,,,,,,,
,a,210,,,,mm Distance axis of sensor from y axis,,,,,,,,,,,,,,
,b,260,,,,mm Distance of axis of sensor from x axis,,,,,,,,,,,,,,
,backstrokeBarToTopOfPlate,210,,,,,,,,,,,,,,,,,,
,topOfTurnplateToWater,318,,,,,,,,,,,,,,,,,,
,z1,20,1,2,3.384,20,,a/d channel then mv/N for each of the sensitivities 4 3 2 1,,,,,,,,,,,,
,z2,21,1,2,3.384,20,,serial number 5279786,,,,,,,,,,,,
,z3,22,1,2,3.384,20
,z4,23,1,2,3.384,20
,x12,16,2,3.681,4,40
,x34,17,2,3.681,4,40
,y14,18,2,3.681,4,40
,y23,19,2,3.681,4,40

$radialCorrection,20130814,,,,,cubic function requires coeff (eg 0.1) and x y coords of centre of correction circle in 0 1 units,,,,,,,,,,,,,,
,,Camera,coeff of corr,x y coords for centre of correction,,,,,,,,,,,,,,,,
,rc,2,0,0.5,0.5,,,,,,,,,,,,,,,
,rc,3,0,0.5,0.5,,,,,,,,,,,,,,,
,rc,4,0,0.5,0.5,,,,,,,,,,,,,,,
,rc,5,0,0.5,0.5,,,,,,,,,,,,,,,
,,,,,,,,,,,,,,,,,,,,
$playViews,20140318,,,,,,,,,,,,,,,,,,,
,,start; relay and turn contain replay views for each camera for starts relay starts and turns.,,,,,,,,,,,,,,,,,,
,TrialType,Camera,visibleShuffling,visNotSHuffling,visAboveWaterView,,,,,,,,,,,,,,,
,start,1,1,1,1,,,,,,,,,,,,,,,
,start,2,1,1,1,,,,,,,,,,,,,,,
,start,3,1,1,1,,,,,,,,,,,,,,,
,start,4,1,1,1,,,,,,,,,,,,,,,
,start,5,1,0,1,,,,,,,,,,,,,,,
,,,,,,,,,,,,,,,,,,,,
,relayStart,1,0,1,1,,,,,,,,,,,,,,,
,relayStart,2,1,1,1,,,,,,,,,,,,,,,
,relayStart,3,1,1,1,,,,,,,,,,,,,,,
,relayStart,4,1,1,1,,,,,,,,,,,,,,,
,relayStart,5,1,1,1,,,,,,,,,,,,,,,
,,,,,,,,,,,,,,,,,,,,
,turn,1,0,1,1,,,,,,,,,,,,,,,
,turn,2,1,1,1,,,,,,,,,,,,,,,
,turn,3,1,1,1,,,,,,,,,,,,,,,
,turn,4,1,1,1,,,,,,,,,,,,,,,
,turn,5,1,0,1,,,,,,,,,,,,,,,
,,,,,,,,,,,,,,,,,,,,
,,,,,,,,,,,,,,,,,,,,
$playViewComparisons,20140318,,,,,,,,,,,,,,,,,,,
,,start; relay and turn contain view setups for comparison views in same format as above,,,,,,,,,,,,,,,,,,
,TrialType,Camera,visibleShuffling,visNotSHuffling,visAboveWaterView,visBelowWaterComparisonOnly,,,,,,,,,,,,,,
,start,1,0,1,1,0,,,,,,,,,,,,,,
,start,2,1,1,0,1,,,,,,,,,,,,,,
,start,3,1,1,0,1,,,,,,,,,,,,,,
,start,4,1,1,0,1,,,,,,,,,,,,,,
,start,5,1,1,0,1,,,,,,,,,,,,,,
,,,,,,,,,,,,,,,,,,,,
,relayStart,1,0,1,1,0,,,,,,,,,,,,,,
,relayStart,2,1,1,0,1,,,,,,,,,,,,,,
,relayStart,3,1,1,0,1,,,,,,,,,,,,,,
,relayStart,4,1,1,0,1,,,,,,,,,,,,,,
,relayStart,5,1,1,0,1,,,,,,,,,,,,,,
,,,,,,,,,,,,,,,,,,,,
,turn,1,0,1,1,0,,,,,,,,,,,,,,
,turn,2,1,1,0,1,,,,,,,,,,,,,,
,turn,3,1,1,0,1,,,,,,,,,,,,,,
,turn,4,1,1,0,1,,,,,,,,,,,,,,
,turn,5,1,1,0,1,,,,,,,,,,,,,,
